{
  "editor:toggle-spellcheck": [
    {
      "modifiers": [
        "Mod",
        "Shift"
      ],
      "key": "C"
    }
  ],
  "editor:toggle-highlight": [
    {
      "modifiers": [
        "Mod",
        "Shift"
      ],
      "key": "H"
    }
  ],
  "editor:open-search-replace": [
    {
      "modifiers": [
        "Mod",
        "Shift"
      ],
      "key": "S"
    }
  ],
  "editor:toggle-bold": [
    {
      "modifiers": [
        "Mod",
        "Shift"
      ],
      "key": "B"
    }
  ],
  "editor:toggle-italics": [
    {
      "modifiers": [
        "Mod",
        "Shift"
      ],
      "key": "I"
    }
  ],
  "theme:use-dark": [
    {
      "modifiers": [
        "Mod",
        "Shift"
      ],
      "key": "D"
    }
  ],
  "editor:toggle-bullet-list": [
    {
      "modifiers": [
        "Alt",
        "Mod"
      ],
      "key": "B"
    }
  ],
  "editor:toggle-numbered-list": [
    {
      "modifiers": [
        "Alt",
        "Mod"
      ],
      "key": "N"
    }
  ],
  "editor:rename-heading": [
    {
      "modifiers": [
        "Alt",
        "Mod"
      ],
      "key": "R"
    }
  ]
}